machine_id,gpu,date,batch_size_in_bits,keys_per_work_item,candidates_per_second,addresses_checked_per_second,seconds_per_arm,warmup_seconds,verification_micros_measured,winner,kernel
ryzen79800x3d8core-61g-win11,gfx1100,2026-07-26,18,1,5332210.38,83095.79,20,5,6.60,,out-of-line
ryzen79800x3d8core-61g-win11,gfx1100,2026-07-26,18,4,19893172.50,310442.49,20,5,6.60,,out-of-line
ryzen79800x3d8core-61g-win11,gfx1100,2026-07-26,18,16,35647047.34,555936.33,20,5,6.60,,out-of-line
ryzen79800x3d8core-61g-win11,gfx1100,2026-07-26,18,64,23447553.22,365596.29,20,5,6.60,,out-of-line
ryzen79800x3d8core-61g-win11,gfx1100,2026-07-26,18,256,8476729.85,132194.81,20,5,6.60,,out-of-line
ryzen79800x3d8core-61g-win11,gfx1100,2026-07-26,19,1,5239892.06,81684.52,20,5,6.60,,out-of-line
ryzen79800x3d8core-61g-win11,gfx1100,2026-07-26,19,4,20391067.56,317756.79,20,5,6.60,,out-of-line
ryzen79800x3d8core-61g-win11,gfx1100,2026-07-26,19,16,54063742.34,842946.83,20,5,6.60,,out-of-line
ryzen79800x3d8core-61g-win11,gfx1100,2026-07-26,19,64,45198609.08,704951.67,20,5,6.60,,out-of-line
ryzen79800x3d8core-61g-win11,gfx1100,2026-07-26,19,256,16878235.32,263364.21,20,5,6.60,,out-of-line
ryzen79800x3d8core-61g-win11,gfx1100,2026-07-26,20,1,5292340.17,82475.84,20,5,6.60,,out-of-line
ryzen79800x3d8core-61g-win11,gfx1100,2026-07-26,20,4,20288180.22,316623.85,20,5,6.60,,out-of-line
ryzen79800x3d8core-61g-win11,gfx1100,2026-07-26,20,16,61853894.04,964889.40,20,5,6.60,,out-of-line
ryzen79800x3d8core-61g-win11,gfx1100,2026-07-26,20,64,78317221.86,1221257.05,20,5,6.60,,out-of-line
ryzen79800x3d8core-61g-win11,gfx1100,2026-07-26,20,256,33113062.54,516527.07,20,5,6.60,,out-of-line
ryzen79800x3d8core-61g-win11,gfx1100,2026-07-26,21,1,5345782.25,83209.96,20,5,6.60,,out-of-line
ryzen79800x3d8core-61g-win11,gfx1100,2026-07-26,21,4,20227987.50,315349.04,20,5,6.60,,out-of-line
ryzen79800x3d8core-61g-win11,gfx1100,2026-07-26,21,16,66566663.58,1039669.69,20,5,6.60,,out-of-line
ryzen79800x3d8core-61g-win11,gfx1100,2026-07-26,21,64,122290553.86,1907012.82,20,5,6.60,,out-of-line
ryzen79800x3d8core-61g-win11,gfx1100,2026-07-26,21,256,64782493.71,1010530.57,20,5,6.60,,out-of-line
ryzen79800x3d8core-61g-win11,gfx1100,2026-07-26,22,1,5239821.86,81677.43,20,5,6.60,,out-of-line
ryzen79800x3d8core-61g-win11,gfx1100,2026-07-26,22,4,20542638.55,320277.45,20,5,6.60,,out-of-line
ryzen79800x3d8core-61g-win11,gfx1100,2026-07-26,22,16,70011824.57,1092177.79,20,5,6.60,,out-of-line
ryzen79800x3d8core-61g-win11,gfx1100,2026-07-26,22,64,129116813.67,2014173.03,20,5,6.60,,out-of-line
ryzen79800x3d8core-61g-win11,gfx1100,2026-07-26,22,256,109419475.59,1710096.21,20,5,6.60,,out-of-line
ryzen79800x3d8core-61g-win11,gfx1100,2026-07-26,23,1,5451086.04,84946.98,20,5,6.60,,out-of-line
ryzen79800x3d8core-61g-win11,gfx1100,2026-07-26,23,4,20543499.44,326820.84,20,5,6.60,,out-of-line
ryzen79800x3d8core-61g-win11,gfx1100,2026-07-26,23,16,72529344.29,1131115.96,20,5,6.60,,out-of-line
ryzen79800x3d8core-61g-win11,gfx1100,2026-07-26,23,64,146687320.38,2287118.84,20,5,6.60,,out-of-line
ryzen79800x3d8core-61g-win11,gfx1100,2026-07-26,23,256,175221903.68,2731907.03,20,5,6.60,,out-of-line
ryzen79800x3d8core-61g-win11,gfx1100,2026-07-26,24,1,5031885.57,78631.41,20,5,6.60,,out-of-line
ryzen79800x3d8core-61g-win11,gfx1100,2026-07-26,24,4,20960750.47,326828.78,20,5,6.60,,out-of-line
ryzen79800x3d8core-61g-win11,gfx1100,2026-07-26,24,16,76311538.04,1189959.66,20,5,6.60,,out-of-line
ryzen79800x3d8core-61g-win11,gfx1100,2026-07-26,24,64,160167199.16,2497816.34,20,5,6.60,,out-of-line
ryzen79800x3d8core-61g-win11,gfx1100,2026-07-26,24,256,181128725.55,2824484.17,20,5,6.60,,out-of-line
ryzen79800x3d8core-61g-win11,gfx1100,2026-07-26,24,512,190357851.58,2969195.45,20,5,6.60,yes,out-of-line
ryzen79800x3d8core-61g-win11,gfx1100,2026-07-26,24,1024,119949737.28,1870182.29,20,5,6.60,,out-of-line
ryzen79800x3d8core-61g-win11,gfx1036,2026-07-26,18,1,104797.46,1654.95,20,5,6.60,,out-of-line
ryzen79800x3d8core-61g-win11,gfx1036,2026-07-26,18,4,432240.17,6757.65,20,5,6.60,,out-of-line
ryzen79800x3d8core-61g-win11,gfx1036,2026-07-26,18,16,1467319.06,22848.70,20,5,6.60,,out-of-line
ryzen79800x3d8core-61g-win11,gfx1036,2026-07-26,18,64,2935117.59,45711.46,20,5,6.60,,out-of-line
ryzen79800x3d8core-61g-win11,gfx1036,2026-07-26,18,256,3982317.98,62174.45,20,5,6.60,,out-of-line
ryzen79800x3d8core-61g-win11,gfx1036,2026-07-26,19,1,104846.61,1642.23,20,5,6.60,,out-of-line
ryzen79800x3d8core-61g-win11,gfx1036,2026-07-26,19,4,419152.93,6532.88,20,5,6.60,,out-of-line
ryzen79800x3d8core-61g-win11,gfx1036,2026-07-26,19,16,1493878.81,23300.27,20,5,6.60,,out-of-line
ryzen79800x3d8core-61g-win11,gfx1036,2026-07-26,19,64,3170067.12,49447.65,20,5,6.60,,out-of-line
ryzen79800x3d8core-61g-win11,gfx1036,2026-07-26,19,256,4089207.41,63722.28,20,5,6.60,,out-of-line
ryzen79800x3d8core-61g-win11,gfx1036,2026-07-26,20,1,104838.91,1635.41,20,5,6.60,,out-of-line
ryzen79800x3d8core-61g-win11,gfx1036,2026-07-26,20,4,419403.82,6518.79,20,5,6.60,,out-of-line
ryzen79800x3d8core-61g-win11,gfx1036,2026-07-26,20,16,1467744.58,22819.83,20,5,6.60,,out-of-line
ryzen79800x3d8core-61g-win11,gfx1036,2026-07-26,20,64,3355034.93,52308.53,20,5,6.60,,out-of-line
ryzen79800x3d8core-61g-win11,gfx1036,2026-07-26,20,256,4191348.66,65260.38,20,5,6.60,,out-of-line
ryzen79800x3d8core-61g-win11,gfx1036,2026-07-26,21,1,104850.89,1649.69,20,5,6.60,,out-of-line
ryzen79800x3d8core-61g-win11,gfx1036,2026-07-26,21,4,419295.44,6538.20,20,5,6.60,,out-of-line
ryzen79800x3d8core-61g-win11,gfx1036,2026-07-26,21,16,1572548.78,24522.38,20,5,6.60,,out-of-line
ryzen79800x3d8core-61g-win11,gfx1036,2026-07-26,21,64,3458064.71,53972.10,20,5,6.60,,out-of-line
ryzen79800x3d8core-61g-win11,gfx1036,2026-07-26,21,256,4401033.74,68697.80,20,5,6.60,,out-of-line
ryzen79800x3d8core-61g-win11,gfx1036,2026-07-26,22,1,0,0,20,5,6.60,,out-of-line
ryzen79800x3d8core-61g-win11,gfx1036,2026-07-26,22,4,419219.20,6509.62,20,5,6.60,,out-of-line
ryzen79800x3d8core-61g-win11,gfx1036,2026-07-26,22,16,1467626.42,22867.98,20,5,6.60,,out-of-line
ryzen79800x3d8core-61g-win11,gfx1036,2026-07-26,22,64,3354518.61,52278.29,20,5,6.60,,out-of-line
ryzen79800x3d8core-61g-win11,gfx1036,2026-07-26,22,256,4401602.54,68648.51,20,5,6.60,,out-of-line
ryzen79800x3d8core-61g-win11,gfx1036,2026-07-26,23,1,0,0,20,5,6.60,,out-of-line
ryzen79800x3d8core-61g-win11,gfx1036,2026-07-26,23,4,419331.27,6502.96,20,5,6.60,,out-of-line
ryzen79800x3d8core-61g-win11,gfx1036,2026-07-26,23,16,1677317.28,26168.09,20,5,6.60,,out-of-line
ryzen79800x3d8core-61g-win11,gfx1036,2026-07-26,23,64,3355415.03,52433.06,20,5,6.60,,out-of-line
ryzen79800x3d8core-61g-win11,gfx1036,2026-07-26,23,256,4613641.39,72001.95,20,5,6.60,yes,out-of-line
ryzen79800x3d8core-61g-win11,gfx1036,2026-07-26,24,1,0,0,20,5,6.60,,out-of-line
ryzen79800x3d8core-61g-win11,gfx1036,2026-07-26,24,4,0,0,20,5,6.60,,out-of-line
ryzen79800x3d8core-61g-win11,gfx1036,2026-07-26,24,16,1676556.46,26133.04,20,5,6.60,,out-of-line
ryzen79800x3d8core-61g-win11,gfx1036,2026-07-26,24,64,3354668.76,52204.15,20,5,6.60,,out-of-line
ryzen79800x3d8core-61g-win11,gfx1036,2026-07-26,24,256,4191667.48,65292.43,20,5,6.60,,out-of-line
ryzen79800x3d8core-61g-win11,gfx1036,2026-07-26,23,512,4613358.53,71958.54,20,5,6.60,,out-of-line
